{
  "hvs": [
    0.8287176176211932,
    0.7975113200972804,
    0.7720559094381317,
    0.6806285882912632,
    0.4971688606234569,
    0.8808905076566075,
    0.8356229020937296,
    0.8484143054710607,
    0.43928281230855404,
    0.6957505149537382
  ],
  "seeds": [
    42,
    97,
    145,
    295,
    346,
    448,
    584,
    619,
    772,
    833
  ]
}