{
  "algo": "GA",
  "budget": 100,
  "hv_mode": "exact",
  "is_default": false,
  "mean_hv": 0.7276043338555016,
  "median_hv": 0.7847836147677061,
  "run_time_mean_s": 440.83399580809055,
  "run_time_std_s": 0.5493674295036834,
  "seeds": [
    42,
    97,
    145,
    295,
    346,
    448,
    584,
    619,
    772,
    833
  ],
  "std_hv": 0.14363068280016122,
  "trial_number": 5
}