{
  "hvs": [
    0.4876621788282937,
    0.7697865827791294,
    0.7603189046811445,
    0.8187130559011243,
    0.7862369296626784,
    0.8350048147780977,
    0.8390743264862476,
    0.836340540954118,
    0.6192171208068491,
    0.440984374580788
  ],
  "seeds": [
    42,
    97,
    145,
    295,
    346,
    448,
    584,
    619,
    772,
    833
  ]
}