{
  "algo": "GA",
  "budget": 100,
  "hv_mode": "exact",
  "is_default": false,
  "mean_hv": 0.7193338829458471,
  "median_hv": 0.7780117562209039,
  "run_time_mean_s": 441.48952057480346,
  "run_time_std_s": 1.084704341036982,
  "seeds": [
    42,
    97,
    145,
    295,
    346,
    448,
    584,
    619,
    772,
    833
  ],
  "std_hv": 0.1418305941148929,
  "trial_number": 7
}