,A3C,SAC,AL,NSGA2
A3C,0.000000,0.015378,0.117368,0.044236
SAC,0.003109,0.000108,0.103041,0.029956
AL,0.003040,0.001336,0.000022,0.002763
NSGA2,0.002268,0.000378,0.075054,0.000120
