,A3C,SAC,AL,NSGA2
A3C,0.000084,0.015564,0.116878,0.044361
SAC,0.003012,0.000183,0.102780,0.030046
AL,0.003210,0.001211,0.000000,0.002980
NSGA2,0.002268,0.000175,0.074649,0.000008
