{
  "hvs": [
    0.41486479295596995,
    0.7048770807774849,
    0.4872399814473473,
    0.8401053488614643,
    0.3152366511943566,
    0.3371285100685043,
    0.5396598250244263,
    0.5485736899627376,
    0.34914691101118533,
    0.6612099998265873
  ],
  "seeds": [
    42,
    97,
    145,
    295,
    346,
    448,
    584,
    619,
    772,
    833
  ]
}