{
  "algo": "A3C",
  "budget": 100,
  "hv_mode": "exact",
  "is_default": false,
  "mean_hv": 0.5198042791130064,
  "median_hv": 0.5134499032358868,
  "run_time_mean_s": 69.79571632071165,
  "run_time_std_s": 3.3528747966130727,
  "seeds": [
    42,
    97,
    145,
    295,
    346,
    448,
    584,
    619,
    772,
    833
  ],
  "std_hv": 0.16567354473953244,
  "trial_number": 1
}