{
  "hvs": [
    0.6425672738039973,
    0.7502076283228432,
    0.8617995029140352,
    0.8605197824527026,
    0.5978604268085005,
    0.6962608593198043,
    0.6496023375260401,
    0.6508808774456063,
    0.7140987830817793,
    0.5938023825395966
  ],
  "seeds": [
    42,
    97,
    145,
    295,
    346,
    448,
    584,
    619,
    772,
    833
  ]
}