{
  "algo": "SAC",
  "budget": 100,
  "hv_mode": "exact",
  "is_default": false,
  "mean_hv": 0.7017599854214905,
  "median_hv": 0.6735708683827053,
  "run_time_mean_s": 562.3218517667847,
  "run_time_std_s": 3.4839049395114308,
  "seeds": [
    42,
    97,
    145,
    295,
    346,
    448,
    584,
    619,
    772,
    833
  ],
  "std_hv": 0.09198359853905314,
  "trial_number": 9
}