{
  "hvs": [
    0.5967475886605368,
    0.5072678138972049,
    0.5036583173603334,
    0.6910248491363525,
    0.42951058136268416,
    0.8571305379547492,
    0.6875827273075206,
    0.8842559892972027,
    0.8882938863621643,
    0.843201236598714
  ],
  "seeds": [
    42,
    97,
    145,
    295,
    346,
    448,
    584,
    619,
    772,
    833
  ]
}