{
  "algo": "GA",
  "budget": 100,
  "hv_mode": "exact",
  "is_default": false,
  "mean_hv": 0.6888673527937461,
  "median_hv": 0.6893037882219366,
  "run_time_mean_s": 447.305997653876,
  "run_time_std_s": 2.7623263859275555,
  "seeds": [
    42,
    97,
    145,
    295,
    346,
    448,
    584,
    619,
    772,
    833
  ],
  "std_hv": 0.1652628751276186,
  "trial_number": 2
}