{
  "hvs": [
    0.8508235232461643,
    0.74344578145756,
    0.6198373679266158,
    0.4479498619082783,
    0.4520950492952339,
    0.7978586953557375,
    0.4337064255381643,
    0.7435715757054991,
    0.4948293472735306,
    0.6827260236029059
  ],
  "seeds": [
    42,
    97,
    145,
    295,
    346,
    448,
    584,
    619,
    772,
    833
  ]
}