{
  "algo": "SAC",
  "budget": 100,
  "hv_mode": "exact",
  "is_default": false,
  "mean_hv": 0.626684365130969,
  "median_hv": 0.6512816957647609,
  "run_time_mean_s": 569.8794735457981,
  "run_time_std_s": 6.411794564101952,
  "seeds": [
    42,
    97,
    145,
    295,
    346,
    448,
    584,
    619,
    772,
    833
  ],
  "std_hv": 0.15069044212288182,
  "trial_number": 7
}