{
  "hvs": [
    0.4277324304465417,
    0.8216936910146955,
    0.5669526558104833,
    0.8370892605230733,
    0.684502381329981,
    0.888203354991203,
    0.7356154055321367,
    0.8671881231007623,
    0.8230878532377295,
    0.8102227791523859
  ],
  "seeds": [
    42,
    97,
    145,
    295,
    346,
    448,
    584,
    619,
    772,
    833
  ]
}