{
  "hvs": [
    0.4502676389103366,
    0.29537164820433304,
    0.47024083665192445,
    0.5864288929036949,
    0.29053200237570853,
    0.8109886080568096,
    0.20230114120514914,
    0.8391198793204517,
    0.34640073679769984,
    0.38346139155088355
  ],
  "seeds": [
    42,
    97,
    145,
    295,
    346,
    448,
    584,
    619,
    772,
    833
  ]
}