{
  "algo": "A3C",
  "budget": 100,
  "hv_mode": "exact",
  "is_default": false,
  "mean_hv": 0.46751127759769917,
  "median_hv": 0.4168645152306101,
  "run_time_mean_s": 552.5503958167159,
  "run_time_std_s": 1.0403393681604145,
  "seeds": [
    42,
    97,
    145,
    295,
    346,
    448,
    584,
    619,
    772,
    833
  ],
  "std_hv": 0.20580041325517898,
  "trial_number": 8
}