{
  "hvs": [
    0.7151367370415339,
    0.883749067749423,
    0.5693101411450971,
    0.7806204864759393,
    0.4522918982579309,
    0.8060029627757674,
    0.5719909238551156,
    0.7717106870108651,
    0.47359638860228737,
    0.6228864483363348
  ],
  "seeds": [
    42,
    97,
    145,
    295,
    346,
    448,
    584,
    619,
    772,
    833
  ]
}