{
  "algo": "SAC",
  "budget": 100,
  "hv_mode": "exact",
  "is_default": false,
  "mean_hv": 0.6647295741250294,
  "median_hv": 0.6690115926889344,
  "run_time_mean_s": 568.3584938542917,
  "run_time_std_s": 3.555768164559248,
  "seeds": [
    42,
    97,
    145,
    295,
    346,
    448,
    584,
    619,
    772,
    833
  ],
  "std_hv": 0.14016493371639302,
  "trial_number": 8
}