{
  "hvs": [
    0.42139655830700246,
    0.8097730057198061,
    0.7088348149573116,
    0.8355176675550763,
    0.45960378066502017,
    0.7530806645744511,
    0.6448000860693868,
    0.6441896687101007,
    0.8238621702071706,
    0.4024209775378916
  ],
  "seeds": [
    42,
    97,
    145,
    295,
    346,
    448,
    584,
    619,
    772,
    833
  ]
}