{
  "algo": "GA",
  "budget": 100,
  "hv_mode": "exact",
  "is_default": false,
  "mean_hv": 0.6503479394303218,
  "median_hv": 0.6768174505133492,
  "run_time_mean_s": 441.1712904625107,
  "run_time_std_s": 0.9671297205521359,
  "seeds": [
    42,
    97,
    145,
    295,
    346,
    448,
    584,
    619,
    772,
    833
  ],
  "std_hv": 0.15941287467186546,
  "trial_number": 8
}