{
  "hvs": [
    0.48771630458312387,
    0.6270002224330498,
    0.43383490349895876,
    0.8030068737369351,
    0.5221459692546649,
    0.45550534132335463,
    0.6083355876824763,
    0.6039341413708782,
    0.7156769938038113,
    0.6245445213508541
  ],
  "seeds": [
    42,
    97,
    145,
    295,
    346,
    448,
    584,
    619,
    772,
    833
  ]
}