{
  "algo": "AL",
  "budget": 100,
  "hv_mode": "exact",
  "is_default": false,
  "mean_hv": 0.5881700859038107,
  "median_hv": 0.6061348645266773,
  "run_time_mean_s": 552.1358890208882,
  "run_time_std_s": 2.371553173148684,
  "seeds": [
    42,
    97,
    145,
    295,
    346,
    448,
    584,
    619,
    772,
    833
  ],
  "std_hv": 0.11034868285387901,
  "trial_number": 7
}