{
  "hvs": [
    0.8269411758188322,
    0.7706522947327187,
    0.7556777746370745,
    0.47800229781434345,
    0.4428001954884319,
    0.7747553823122819,
    0.5950684047420984,
    0.8321739563574694,
    0.7351765122823413,
    0.4642076524502239
  ],
  "seeds": [
    42,
    97,
    145,
    295,
    346,
    448,
    584,
    619,
    772,
    833
  ]
}