{
  "algo": "SAC",
  "budget": 100,
  "hv_mode": "exact",
  "is_default": false,
  "mean_hv": 0.6675455646635815,
  "median_hv": 0.745427143459708,
  "run_time_mean_s": 561.4908847375889,
  "run_time_std_s": 8.039421155083794,
  "seeds": [
    42,
    97,
    145,
    295,
    346,
    448,
    584,
    619,
    772,
    833
  ],
  "std_hv": 0.14832802119992028,
  "trial_number": 6
}