{
  "hvs": [
    0.7489255753901817,
    0.440942430330239,
    0.6629852132989427,
    0.6875404110063851,
    0.8316609433369933,
    0.8496128511006251,
    0.4867173467333051,
    0.8301279784769557,
    0.8360862021793098,
    0.6498626082203336
  ],
  "seeds": [
    42,
    97,
    145,
    295,
    346,
    448,
    584,
    619,
    772,
    833
  ]
}