{
  "algo": "SAC",
  "budget": 100,
  "hv_mode": "exact",
  "is_default": false,
  "mean_hv": 0.702446156007327,
  "median_hv": 0.7182329931982834,
  "run_time_mean_s": 557.105629137496,
  "run_time_std_s": 1.4534065875980848,
  "seeds": [
    42,
    97,
    145,
    295,
    346,
    448,
    584,
    619,
    772,
    833
  ],
  "std_hv": 0.1393357951104586,
  "trial_number": 5
}