{
  "hvs": [
    0.5874080599860231,
    0.5173291355027397,
    0.5958462315679515,
    0.6071487737908624,
    0.5482206229288632,
    0.5775772667329492,
    0.6662209314124323,
    0.5930441344443431,
    0.5385068432762269,
    0.532456123628822
  ],
  "seeds": [
    42,
    97,
    145,
    295,
    346,
    448,
    584,
    619,
    772,
    833
  ]
}