{
  "algo": "AL",
  "budget": 100,
  "hv_mode": "exact",
  "is_default": false,
  "mean_hv": 0.5763758123271213,
  "median_hv": 0.5824926633594861,
  "run_time_mean_s": 574.7177755042096,
  "run_time_std_s": 5.597358406727402,
  "seeds": [
    42,
    97,
    145,
    295,
    346,
    448,
    584,
    619,
    772,
    833
  ],
  "std_hv": 0.04176293494931153,
  "trial_number": 2
}