{
  "hvs": [
    0.6821160479333679,
    0.8462745989278952,
    0.5869723631042955,
    0.5344652326765508,
    0.84163400747984,
    0.48142741697633346,
    0.7499549076845885,
    0.48059828872352084,
    0.6948437811164245,
    0.6202253180234237
  ],
  "seeds": [
    42,
    97,
    145,
    295,
    346,
    448,
    584,
    619,
    772,
    833
  ]
}