{
  "algo": "SAC",
  "budget": 100,
  "hv_mode": "exact",
  "is_default": false,
  "mean_hv": 0.6518511962646241,
  "median_hv": 0.6511706829783959,
  "run_time_mean_s": 557.3886543708271,
  "run_time_std_s": 0.8143307952052469,
  "seeds": [
    42,
    97,
    145,
    295,
    346,
    448,
    584,
    619,
    772,
    833
  ],
  "std_hv": 0.12789346473980437,
  "trial_number": 3
}