{
  "hvs": [
    0.8046952242715584,
    0.8680132965282201,
    0.4205206893171624,
    0.7720574514910945,
    0.36643982978926465,
    0.4153498019879813,
    0.4596669178989847,
    0.4001920132560338,
    0.8133920448471578,
    0.392026056864295
  ],
  "seeds": [
    42,
    97,
    145,
    295,
    346,
    448,
    584,
    619,
    772,
    833
  ]
}