{
  "algo": "A3C",
  "budget": 100,
  "hv_mode": "exact",
  "is_default": false,
  "mean_hv": 0.5712353326251752,
  "median_hv": 0.44009380360807354,
  "run_time_mean_s": 72.91210052531679,
  "run_time_std_s": 5.34141517805554,
  "seeds": [
    42,
    97,
    145,
    295,
    346,
    448,
    584,
    619,
    772,
    833
  ],
  "std_hv": 0.20107853458321168,
  "trial_number": 4
}