{
  "hvs": [
    0.42990125586277506,
    0.6462628434328649,
    0.43712023699940195,
    0.609644909200995,
    0.47151113933411903,
    0.5775772667329492,
    0.608284473803719,
    0.5928006393687382,
    0.5376815101754505,
    0.5298731274630258
  ],
  "seeds": [
    42,
    97,
    145,
    295,
    346,
    448,
    584,
    619,
    772,
    833
  ]
}