{
  "algo": "AL",
  "budget": 100,
  "hv_mode": "exact",
  "is_default": false,
  "mean_hv": 0.5440657402374038,
  "median_hv": 0.5576293884541998,
  "run_time_mean_s": 422.01428080409534,
  "run_time_std_s": 5.017474519541337,
  "seeds": [
    42,
    97,
    145,
    295,
    346,
    448,
    584,
    619,
    772,
    833
  ],
  "std_hv": 0.07234933501021273,
  "trial_number": 3
}