{
  "hvs": [
    0.5250760766044545,
    0.860727455624746,
    0.6012441549497439,
    0.6377875469033588,
    0.6937659664171308,
    0.8239373516336901,
    0.4433081111393094,
    0.8137075019627217,
    0.7942842901307212,
    0.4308698301657223
  ],
  "seeds": [
    42,
    97,
    145,
    295,
    346,
    448,
    584,
    619,
    772,
    833
  ]
}