{
  "algo": "GA",
  "budget": 100,
  "hv_mode": "exact",
  "is_default": false,
  "mean_hv": 0.6624708285531599,
  "median_hv": 0.6657767566602448,
  "run_time_mean_s": 441.2344963501091,
  "run_time_std_s": 0.5523396745146619,
  "seeds": [
    42,
    97,
    145,
    295,
    346,
    448,
    584,
    619,
    772,
    833
  ],
  "std_hv": 0.15215467160733584,
  "trial_number": 4
}