{
  "hvs": [
    0.6258036221620928,
    0.45109279271899666,
    0.5748329300096626,
    0.7248631845347254,
    0.4685902700329093,
    0.44857783432616655,
    0.7686263957077542,
    0.6992040336432339,
    0.5900109253248019,
    0.4304645582102748
  ],
  "seeds": [
    42,
    97,
    145,
    295,
    346,
    448,
    584,
    619,
    772,
    833
  ]
}