{
  "algo": "GA",
  "budget": 100,
  "hv_mode": "exact",
  "is_default": true,
  "mean_hv": 0.5782066546670619,
  "median_hv": 0.5824219276672322,
  "run_time_mean_s": 223.32180725827348,
  "run_time_std_s": 2.6908490026883585,
  "seeds": [
    42,
    97,
    145,
    295,
    346,
    448,
    584,
    619,
    772,
    833
  ],
  "std_hv": 0.11900815904656022,
  "trial_number": 0
}