{
  "hvs": [
    0.45971998130350533,
    0.4838243257885808,
    0.49487076492246157,
    0.6875404110063851,
    0.6884420305573081,
    0.5820083462851166,
    0.5420767381992939,
    0.4640556773417068,
    0.8782233724773109,
    0.7491009753871645
  ],
  "seeds": [
    42,
    97,
    145,
    295,
    346,
    448,
    584,
    619,
    772,
    833
  ]
}