{
  "algo": "SAC",
  "budget": 100,
  "hv_mode": "exact",
  "is_default": false,
  "mean_hv": 0.6029862623268833,
  "median_hv": 0.5620425422422053,
  "run_time_mean_s": 557.1387353251106,
  "run_time_std_s": 0.6392556094273102,
  "seeds": [
    42,
    97,
    145,
    295,
    346,
    448,
    584,
    619,
    772,
    833
  ],
  "std_hv": 0.13469319740487115,
  "trial_number": 2
}