{
  "algo": "A3C",
  "budget": 100,
  "hv_mode": "exact",
  "is_default": true,
  "mean_hv": 0.660581808488863,
  "median_hv": 0.7632520992176356,
  "run_time_mean_s": 73.38675599597627,
  "run_time_std_s": 6.343196459130967,
  "seeds": [
    42,
    97,
    145,
    295,
    346,
    448,
    584,
    619,
    772,
    833
  ],
  "std_hv": 0.1764361322176754,
  "trial_number": 0
}