{
  "hvs": [
    0.840237392356431,
    0.8824836531383797,
    0.7660669658131186,
    0.5281822676523948,
    0.6231183701153391,
    0.8440912280305349,
    0.45882315556802633,
    0.5210855228882233,
    0.8249847176576305,
    0.29256814719352997
  ],
  "seeds": [
    42,
    97,
    145,
    295,
    346,
    448,
    584,
    619,
    772,
    833
  ]
}