{
  "algo": "A3C",
  "budget": 100,
  "hv_mode": "exact",
  "is_default": false,
  "mean_hv": 0.6581641420413609,
  "median_hv": 0.6945926679642289,
  "run_time_mean_s": 74.25780777059262,
  "run_time_std_s": 5.072927778674558,
  "seeds": [
    42,
    97,
    145,
    295,
    346,
    448,
    584,
    619,
    772,
    833
  ],
  "std_hv": 0.19178691786350183,
  "trial_number": 6
}