{
  "hvs": [
    0.46507638604298157,
    0.666075140504876,
    0.4795812548479072,
    0.6875404110063851,
    0.6294846273141522,
    0.6967149287662345,
    0.6124906861907953,
    0.6009826590763983,
    0.6955844074141321,
    0.6510680808974512
  ],
  "seeds": [
    42,
    97,
    145,
    295,
    346,
    448,
    584,
    619,
    772,
    833
  ]
}