{
  "algo": "SAC",
  "budget": 100,
  "hv_mode": "exact",
  "is_default": true,
  "mean_hv": 0.6184598582061314,
  "median_hv": 0.6402763541058016,
  "run_time_mean_s": 557.7836085250252,
  "run_time_std_s": 0.9073397009815861,
  "seeds": [
    42,
    97,
    145,
    295,
    346,
    448,
    584,
    619,
    772,
    833
  ],
  "std_hv": 0.07965618072125817,
  "trial_number": 0
}