{
  "hvs": [
    0.8625010106685845,
    0.7088237818274525,
    0.7456249667377792,
    0.7123635627539836,
    0.4428001954884319,
    0.7457550448138223,
    0.5401199397549741,
    0.7312854874568658,
    0.8659910690975364,
    0.4749581299907798
  ],
  "seeds": [
    42,
    97,
    145,
    295,
    346,
    448,
    584,
    619,
    772,
    833
  ]
}