{
  "algo": "SAC",
  "budget": 100,
  "hv_mode": "exact",
  "is_default": false,
  "mean_hv": 0.683022318859021,
  "median_hv": 0.7218245251054247,
  "run_time_mean_s": 557.5629335124861,
  "run_time_std_s": 0.6092935270499327,
  "seeds": [
    42,
    97,
    145,
    295,
    346,
    448,
    584,
    619,
    772,
    833
  ],
  "std_hv": 0.1410032175278486,
  "trial_number": 4
}