{
  "hvs": [
    0.43742004662804423,
    0.6566045742198104,
    0.43232482695672936,
    0.6067455755926783,
    0.7318283450033443,
    0.8081516770653457,
    0.42022003321523577,
    0.7996939219527939,
    0.48856253270834243,
    0.5298690075237397
  ],
  "seeds": [
    42,
    97,
    145,
    295,
    346,
    448,
    584,
    619,
    772,
    833
  ]
}