{
  "algo": "AL",
  "budget": 100,
  "hv_mode": "exact",
  "is_default": false,
  "mean_hv": 0.5911420540866064,
  "median_hv": 0.568307291558209,
  "run_time_mean_s": 388.3241049126955,
  "run_time_std_s": 2.850099053523946,
  "seeds": [
    42,
    97,
    145,
    295,
    346,
    448,
    584,
    619,
    772,
    833
  ],
  "std_hv": 0.14396289480407629,
  "trial_number": 4
}