{
  "hvs": [
    0.5498383808746533,
    0.5141673062909635,
    0.485016162189115,
    0.6064254793132038,
    0.7289659070663888,
    0.46669193453646046,
    0.42038484950250016,
    0.5927481926353494,
    0.4604269303231071,
    0.5314275138228356
  ],
  "seeds": [
    42,
    97,
    145,
    295,
    346,
    448,
    584,
    619,
    772,
    833
  ]
}