{
  "algo": "AL",
  "budget": 100,
  "hv_mode": "exact",
  "is_default": false,
  "mean_hv": 0.5356092656554577,
  "median_hv": 0.5227974100568995,
  "run_time_mean_s": 424.3297322582919,
  "run_time_std_s": 3.314200865156748,
  "seeds": [
    42,
    97,
    145,
    295,
    346,
    448,
    584,
    619,
    772,
    833
  ],
  "std_hv": 0.08519660000926399,
  "trial_number": 5
}