{
  "hvs": [
    0.489968745625473,
    0.811351219490507,
    0.7677089003527194,
    0.7815698883930149,
    0.42391780548551483,
    0.8098804548426562,
    0.8364775416855468,
    0.637958511423241,
    0.8744671344197449,
    0.5089328418938809
  ],
  "seeds": [
    42,
    97,
    145,
    295,
    346,
    448,
    584,
    619,
    772,
    833
  ]
}