{
  "algo": "GA",
  "budget": 100,
  "hv_mode": "exact",
  "is_default": true,
  "mean_hv": 0.6942233043612298,
  "median_hv": 0.7746393943728671,
  "run_time_mean_s": 447.22514924998393,
  "run_time_std_s": 2.434432930610629,
  "seeds": [
    42,
    97,
    145,
    295,
    346,
    448,
    584,
    619,
    772,
    833
  ],
  "std_hv": 0.15656706541404333,
  "trial_number": 0
}