{
  "hvs": [
    0.644623253806203,
    0.6746286953284713,
    0.5185899940021076,
    0.45114821129497507,
    0.4523345667101459,
    0.7475063976316245,
    0.4961001248593983,
    0.6137741196790297,
    0.8308524036231851,
    0.7390720433627567
  ],
  "seeds": [
    42,
    97,
    145,
    295,
    346,
    448,
    584,
    619,
    772,
    833
  ]
}