{
  "algo": "SAC",
  "budget": 100,
  "hv_mode": "exact",
  "is_default": false,
  "mean_hv": 0.6168629810297898,
  "median_hv": 0.6291986867426164,
  "run_time_mean_s": 556.9821217164863,
  "run_time_std_s": 1.023456150135143,
  "seeds": [
    42,
    97,
    145,
    295,
    346,
    448,
    584,
    619,
    772,
    833
  ],
  "std_hv": 0.1267610007824303,
  "trial_number": 1
}