{
  "hvs": [
    0.6626393986008794,
    0.6290217942751667,
    0.8323049777767466,
    0.6914531423438405,
    0.47716242647415275,
    0.5775772667329492,
    0.535221261812146,
    0.5946170581122034,
    0.6626393986008794,
    0.6132477638843984
  ],
  "seeds": [
    42,
    97,
    145,
    295,
    346,
    448,
    584,
    619,
    772,
    833
  ]
}