{
  "algo": "AL",
  "budget": 100,
  "hv_mode": "exact",
  "is_default": true,
  "mean_hv": 0.6275884488613362,
  "median_hv": 0.6211347790797825,
  "run_time_mean_s": 585.8636033877032,
  "run_time_std_s": 12.730519841073844,
  "seeds": [
    42,
    97,
    145,
    295,
    346,
    448,
    584,
    619,
    772,
    833
  ],
  "std_hv": 0.09132377596506815,
  "trial_number": 0
}