{
  "hvs": [
    0.6257539421651939,
    0.42278547108456666,
    0.6669460258403298,
    0.4229536991880643,
    0.83923823783027,
    0.7105294824273758,
    0.46680255466791887,
    0.873984505937351,
    0.6338713423539095,
    0.8459307012851884
  ],
  "seeds": [
    42,
    97,
    145,
    295,
    346,
    448,
    584,
    619,
    772,
    833
  ]
}