{
  "algo": "GA",
  "budget": 100,
  "hv_mode": "exact",
  "is_default": false,
  "mean_hv": 0.6508795962780168,
  "median_hv": 0.6504086840971197,
  "run_time_mean_s": 441.78835265000816,
  "run_time_std_s": 2.367684836868781,
  "seeds": [
    42,
    97,
    145,
    295,
    346,
    448,
    584,
    619,
    772,
    833
  ],
  "std_hv": 0.1630638010591669,
  "trial_number": 9
}