{
  "hvs": [
    0.4349735696701593,
    0.3071588691563948,
    0.7704989824822535,
    0.7355746498948226,
    0.8338482864026479,
    0.40664922336649634,
    0.17203333018167186,
    0.8815094665282076,
    0.8632192653873301,
    0.4857750681402087
  ],
  "seeds": [
    42,
    97,
    145,
    295,
    346,
    448,
    584,
    619,
    772,
    833
  ]
}