{
  "algo": "A3C",
  "budget": 100,
  "hv_mode": "exact",
  "is_default": false,
  "mean_hv": 0.5891240711210192,
  "median_hv": 0.6106748590175156,
  "run_time_mean_s": 562.2406077794033,
  "run_time_std_s": 6.167531139210784,
  "seeds": [
    42,
    97,
    145,
    295,
    346,
    448,
    584,
    619,
    772,
    833
  ],
  "std_hv": 0.2441437060177861,
  "trial_number": 3
}