{
  "hvs": [
    0.34796748465069277,
    0.6011564249341219,
    0.7911111675956893,
    0.7980375344440142,
    0.8089976708305858,
    0.4306457411287801,
    0.8100607230573413,
    0.7353930308395819,
    0.8289980069127992,
    0.45345030049502383
  ],
  "seeds": [
    42,
    97,
    145,
    295,
    346,
    448,
    584,
    619,
    772,
    833
  ]
}