{
  "hvs": [
    0.7177106487593572,
    0.8150522186702237,
    0.7211877765277102,
    0.4213071423799491,
    0.7032974973070818,
    0.7545435340754468,
    0.8034285977839734,
    0.22849586177029882,
    0.6891291455029162,
    0.2819984554438038
  ],
  "seeds": [
    42,
    97,
    145,
    295,
    346,
    448,
    584,
    619,
    772,
    833
  ]
}