{
  "algo": "A3C",
  "budget": 100,
  "hv_mode": "exact",
  "is_default": false,
  "mean_hv": 0.6136150878220761,
  "median_hv": 0.7105040730332195,
  "run_time_mean_s": 558.463300999871,
  "run_time_std_s": 2.3433310256514828,
  "seeds": [
    42,
    97,
    145,
    295,
    346,
    448,
    584,
    619,
    772,
    833
  ],
  "std_hv": 0.20685471831148652,
  "trial_number": 5
}