{
  "hvs": [
    0.4506437653715776,
    0.41530482170270294,
    0.7359941204231651,
    0.5923094666018208,
    0.6216702733715703,
    0.41772408156447055,
    0.27515526291345177,
    0.2619215954499249,
    0.5472001868573502,
    0.8888962705154848
  ],
  "seeds": [
    42,
    97,
    145,
    295,
    346,
    448,
    584,
    619,
    772,
    833
  ]
}