{
  "algo": "A3C",
  "budget": 100,
  "hv_mode": "exact",
  "is_default": false,
  "mean_hv": 0.5206819844771519,
  "median_hv": 0.49892197611446387,
  "run_time_mean_s": 70.67457652079175,
  "run_time_std_s": 5.2428698169750305,
  "seeds": [
    42,
    97,
    145,
    295,
    346,
    448,
    584,
    619,
    772,
    833
  ],
  "std_hv": 0.18756965648754706,
  "trial_number": 9
}