{
  "hvs": [
    0.7283925742967541,
    0.4531982993613063,
    0.6115945301392148,
    0.591700887031293,
    0.7316528122192033,
    0.500764199609192,
    0.7474855270798784,
    0.48714835579152693,
    0.47664889311996855,
    0.43857845288709246
  ],
  "seeds": [
    42,
    97,
    145,
    295,
    346,
    448,
    584,
    619,
    772,
    833
  ]
}