{
  "algo": "GA",
  "budget": 100,
  "hv_mode": "exact",
  "is_default": false,
  "mean_hv": 0.576716453153543,
  "median_hv": 0.5462325433202425,
  "run_time_mean_s": 396.6910680374014,
  "run_time_std_s": 0.22110906155131363,
  "seeds": [
    42,
    97,
    145,
    295,
    346,
    448,
    584,
    619,
    772,
    833
  ],
  "std_hv": 0.11651504542183944,
  "trial_number": 3
}