{
  "hvs": [
    0.7061563917608809,
    0.6076548006304242,
    0.5814520978548162,
    0.7148953499846721,
    0.47412582239561235,
    0.4481428547715803,
    0.5064858308176607,
    0.5944472186037228,
    0.6481515769520113,
    0.6024247159914756
  ],
  "seeds": [
    42,
    97,
    145,
    295,
    346,
    448,
    584,
    619,
    772,
    833
  ]
}