{
  "algo": "AL",
  "budget": 100,
  "hv_mode": "exact",
  "is_default": false,
  "mean_hv": 0.5883936659762856,
  "median_hv": 0.5984359672975992,
  "run_time_mean_s": 567.9239404791966,
  "run_time_std_s": 2.2838425668145725,
  "seeds": [
    42,
    97,
    145,
    295,
    346,
    448,
    584,
    619,
    772,
    833
  ],
  "std_hv": 0.08575007853406173,
  "trial_number": 6
}