{
  "algo": "GA",
  "budget": 100,
  "hv_mode": "exact",
  "is_default": false,
  "mean_hv": 0.7462287935138991,
  "median_hv": 0.8159582350835407,
  "run_time_mean_s": 440.7794997376739,
  "run_time_std_s": 0.3653148668789752,
  "seeds": [
    42,
    97,
    145,
    295,
    346,
    448,
    584,
    619,
    772,
    833
  ],
  "std_hv": 0.14008701467401455,
  "trial_number": 6
}