{
  "hvs": [
    0.4391263658078375,
    0.6566242970105255,
    0.4340305903098073,
    0.6068255996625468,
    0.7951482706187147,
    0.45407778362645274,
    0.6055487399093997,
    0.5939501324794404,
    0.44389336342128405,
    0.5298678208248604
  ],
  "seeds": [
    42,
    97,
    145,
    295,
    346,
    448,
    584,
    619,
    772,
    833
  ]
}