{
  "algo": "AL",
  "budget": 100,
  "hv_mode": "exact",
  "is_default": false,
  "mean_hv": 0.5559092963670869,
  "median_hv": 0.5619089766521503,
  "run_time_mean_s": 375.53345124589976,
  "run_time_std_s": 3.4899495073177116,
  "seeds": [
    42,
    97,
    145,
    295,
    346,
    448,
    584,
    619,
    772,
    833
  ],
  "std_hv": 0.11223658235778372,
  "trial_number": 8
}