{
  "hvs": [
    0.4846983612837045,
    0.57716765165329,
    0.43864226041207777,
    0.607502726407589,
    0.47165319949386814,
    0.8492194112823536,
    0.5877803538538191,
    0.5946110988312041,
    0.5250635114667008,
    0.7543288086631202
  ],
  "seeds": [
    42,
    97,
    145,
    295,
    346,
    448,
    584,
    619,
    772,
    833
  ]
}