{
  "algo": "AL",
  "budget": 100,
  "hv_mode": "exact",
  "is_default": false,
  "mean_hv": 0.5890667383347729,
  "median_hv": 0.5824740027535545,
  "run_time_mean_s": 550.0472602374269,
  "run_time_std_s": 1.0622239245073861,
  "seeds": [
    42,
    97,
    145,
    295,
    346,
    448,
    584,
    619,
    772,
    833
  ],
  "std_hv": 0.12120539080777888,
  "trial_number": 9
}