{
  "hvs": [
    0.7841837796742498,
    0.4164648591553886,
    0.42257510671774906,
    0.4090405084045751,
    0.8050456513538161,
    0.3269562807698595,
    0.30134648654065566,
    0.4284791541937793,
    0.5608327784933796,
    0.8726585922284944
  ],
  "seeds": [
    42,
    97,
    145,
    295,
    346,
    448,
    584,
    619,
    772,
    833
  ]
}