{
  "algo": "A3C",
  "budget": 100,
  "hv_mode": "exact",
  "is_default": false,
  "mean_hv": 0.5327583197531947,
  "median_hv": 0.4255271304557642,
  "run_time_mean_s": 555.4769063832006,
  "run_time_std_s": 3.4418147501787253,
  "seeds": [
    42,
    97,
    145,
    295,
    346,
    448,
    584,
    619,
    772,
    833
  ],
  "std_hv": 0.2003562301843426,
  "trial_number": 7
}