{
  "hvs": [
    0.4353717255479018,
    0.7174789904068611,
    0.4378785488310242,
    0.8403616043124028,
    0.4408728325918894,
    0.74120741980326,
    0.7655686037106553,
    0.46341297752697685,
    0.4910763691749751,
    0.7425993635488741
  ],
  "seeds": [
    42,
    97,
    145,
    295,
    346,
    448,
    584,
    619,
    772,
    833
  ]
}