{
  "algo": "GA",
  "budget": 100,
  "hv_mode": "exact",
  "is_default": false,
  "mean_hv": 0.6075828435454821,
  "median_hv": 0.6042776797909182,
  "run_time_mean_s": 447.1587445247918,
  "run_time_std_s": 3.7827565590816583,
  "seeds": [
    42,
    97,
    145,
    295,
    346,
    448,
    584,
    619,
    772,
    833
  ],
  "std_hv": 0.1574530902919089,
  "trial_number": 1
}