{
  "hvs": [
    0.5444830962012871,
    0.6472805089748543,
    0.45639218513234187,
    0.6258970972494172,
    0.6090141960847346,
    0.7996939219527939,
    0.6175982339518508,
    0.5930471038964846,
    0.4631460117639432,
    0.6244070315003049
  ],
  "seeds": [
    42,
    97,
    145,
    295,
    346,
    448,
    584,
    619,
    772,
    833
  ]
}