{
  "algo": "AL",
  "budget": 100,
  "hv_mode": "exact",
  "is_default": false,
  "mean_hv": 0.5980959386708012,
  "median_hv": 0.6133062150182926,
  "run_time_mean_s": 578.1806579500902,
  "run_time_std_s": 5.65381779885904,
  "seeds": [
    42,
    97,
    145,
    295,
    346,
    448,
    584,
    619,
    772,
    833
  ],
  "std_hv": 0.09285303380021422,
  "trial_number": 1
}