{
  "hvs": [
    0.37856222825727065,
    0.7170791355731584,
    0.8140228571190825,
    0.7469569200897499,
    0.8572434012992866,
    0.4125773565953961,
    0.35152832243284404,
    0.7139421957436449,
    0.45381862461456957,
    0.7431927769227734
  ],
  "seeds": [
    42,
    97,
    145,
    295,
    346,
    448,
    584,
    619,
    772,
    833
  ]
}