{
  "algo": "A3C",
  "budget": 100,
  "hv_mode": "exact",
  "is_default": false,
  "mean_hv": 0.6188923818647777,
  "median_hv": 0.7155106656584016,
  "run_time_mean_s": 74.4396563043003,
  "run_time_std_s": 4.2644416698467325,
  "seeds": [
    42,
    97,
    145,
    295,
    346,
    448,
    584,
    619,
    772,
    833
  ],
  "std_hv": 0.18559921570861332,
  "trial_number": 2
}